{
  "G28_first_sw-ne.gcode": {
    "hash": "e19537c8bbb7600e6234e08378990e8e8705e8b2",
    "analysis": {
      "_empty": true,
      "printingArea": {
        "minX": 0,
        "maxX": 0,
        "minY": 0,
        "maxY": 0,
        "minZ": 0,
        "maxZ": 0
      },
      "travelArea": {
        "minX": 0,
        "maxX": 0,
        "minY": 0,
        "maxY": 0,
        "minZ": 0,
        "maxZ": 0
      },
      "dimensions": {
        "width": 0,
        "height": 0,
        "depth": 0
      },
      "travelDimensions": {
        "width": 0,
        "height": 0,
        "depth": 0
      },
      "filament": {}
    },
    "DisplayLayerProgress": {
      "totalLayerCountWithoutOffset": "1"
    }
  },
  "G28_inc_move_bed_forward.gcode": {
    "hash": "62fee607d51191d253885a0328eb940c530a2899",
    "analysis": {
      "_empty": true,
      "printingArea": {
        "minX": 0,
        "maxX": 0,
        "minY": 0,
        "maxY": 0,
        "minZ": 0,
        "maxZ": 0
      },
      "travelArea": {
        "minX": 0,
        "maxX": 0,
        "minY": 0,
        "maxY": 0,
        "minZ": 0,
        "maxZ": 0
      },
      "dimensions": {
        "width": 0,
        "height": 0,
        "depth": 0
      },
      "travelDimensions": {
        "width": 0,
        "height": 0,
        "depth": 0
      },
      "filament": {}
    },
    "DisplayLayerProgress": {
      "totalLayerCountWithoutOffset": "1"
    }
  },
  "G28_inc_move_to_middle_of_build_plate.gcode": {
    "hash": "3e8f06a6cc9b5fc84908027042b142ac23e5bdef",
    "analysis": {
      "_empty": true,
      "printingArea": {
        "minX": 0,
        "maxX": 0,
        "minY": 0,
        "maxY": 0,
        "minZ": 0,
        "maxZ": 0
      },
      "travelArea": {
        "minX": 0,
        "maxX": 0,
        "minY": 0,
        "maxY": 0,
        "minZ": 0,
        "maxZ": 0
      },
      "dimensions": {
        "width": 0,
        "height": 0,
        "depth": 0
      },
      "travelDimensions": {
        "width": 0,
        "height": 0,
        "depth": 0
      },
      "filament": {}
    },
    "DisplayLayerProgress": {
      "totalLayerCountWithoutOffset": "0"
    },
    "history": [
      {
        "timestamp": 1700353699.9083564,
        "printTime": 24.180954810000003,
        "success": true,
        "printerProfile": "_default"
      },
      {
        "timestamp": 1700837399.6160843,
        "printTime": 23.247947665999618,
        "success": true,
        "printerProfile": "_default"
      }
    ],
    "statistics": {
      "averagePrintTime": {
        "_default": 23.71445123799981
      },
      "lastPrintTime": {
        "_default": 23.247947665999618
      }
    }
  },
  "G28_first_4_point_check - z0.gcode": {
    "hash": "7fed4ff101ad11525a75afb3a1a3ac870f250002",
    "analysis": {
      "_empty": true,
      "printingArea": {
        "minX": 0,
        "maxX": 0,
        "minY": 0,
        "maxY": 0,
        "minZ": 0,
        "maxZ": 0
      },
      "travelArea": {
        "minX": 0,
        "maxX": 0,
        "minY": 0,
        "maxY": 0,
        "minZ": 0,
        "maxZ": 0
      },
      "dimensions": {
        "width": 0,
        "height": 0,
        "depth": 0
      },
      "travelDimensions": {
        "width": 0,
        "height": 0,
        "depth": 0
      },
      "filament": {}
    },
    "DisplayLayerProgress": {
      "totalLayerCountWithoutOffset": "3"
    },
    "history": [
      {
        "timestamp": 1700354587.4231727,
        "printTime": 14.411244652999812,
        "success": true,
        "printerProfile": "_default"
      },
      {
        "timestamp": 1700354653.53828,
        "success": false,
        "printerProfile": "_default"
      },
      {
        "timestamp": 1700402579.2997527,
        "printTime": 17.227329058000123,
        "success": true,
        "printerProfile": "_default"
      },
      {
        "timestamp": 1700805002.6448007,
        "success": false,
        "printerProfile": "_default"
      },
      {
        "timestamp": 1700805342.551445,
        "printTime": 14.158727541000076,
        "success": true,
        "printerProfile": "_default"
      }
    ],
    "statistics": {
      "averagePrintTime": {
        "_default": 15.265767084000004
      },
      "lastPrintTime": {
        "_default": 14.158727541000076
      }
    }
  },
  "G28.gcode": {
    "hash": "fdcf46ac95df2149f83aa679f8c4d09b8035995d",
    "analysis": {
      "_empty": true,
      "printingArea": {
        "minX": 0,
        "maxX": 0,
        "minY": 0,
        "maxY": 0,
        "minZ": 0,
        "maxZ": 0
      },
      "travelArea": {
        "minX": 0,
        "maxX": 0,
        "minY": 0,
        "maxY": 0,
        "minZ": 0,
        "maxZ": 0
      },
      "dimensions": {
        "width": 0,
        "height": 0,
        "depth": 0
      },
      "travelDimensions": {
        "width": 0,
        "height": 0,
        "depth": 0
      },
      "filament": {}
    },
    "DisplayLayerProgress": {
      "totalLayerCountWithoutOffset": "0"
    },
    "history": [
      {
        "timestamp": 1700354115.1343772,
        "printTime": 54.741908254999544,
        "success": true,
        "printerProfile": "_default"
      },
      {
        "timestamp": 1700354478.1232831,
        "printTime": 28.828105812000103,
        "success": true,
        "printerProfile": "_default"
      },
      {
        "timestamp": 1700354656.6098611,
        "printTime": 0.07071125000038592,
        "success": true,
        "printerProfile": "_default"
      },
      {
        "timestamp": 1700401612.6641924,
        "printTime": 24.836404224999995,
        "success": true,
        "printerProfile": "_default"
      },
      {
        "timestamp": 1700421851.5508888,
        "printTime": 27.650946975001716,
        "success": true,
        "printerProfile": "_default"
      },
      {
        "timestamp": 1700805069.7625191,
        "printTime": 60.90393574500001,
        "success": true,
        "printerProfile": "_default"
      }
    ],
    "statistics": {
      "averagePrintTime": {
        "_default": 32.83866871033363
      },
      "lastPrintTime": {
        "_default": 60.90393574500001
      }
    }
  },
  "G28_first_4_point_check.gcode": {
    "hash": "7bc00f0db9cf820ffcba1a72cc541c39e1c930ed",
    "analysis": {
      "_empty": true,
      "printingArea": {
        "minX": 0,
        "maxX": 0,
        "minY": 0,
        "maxY": 0,
        "minZ": 0,
        "maxZ": 0
      },
      "travelArea": {
        "minX": 0,
        "maxX": 0,
        "minY": 0,
        "maxY": 0,
        "minZ": 0,
        "maxZ": 0
      },
      "dimensions": {
        "width": 0,
        "height": 0,
        "depth": 0
      },
      "travelDimensions": {
        "width": 0,
        "height": 0,
        "depth": 0
      },
      "filament": {}
    },
    "DisplayLayerProgress": {
      "totalLayerCountWithoutOffset": "3"
    },
    "history": [
      {
        "timestamp": 1706467203.4278677,
        "printTime": 14.391704142000009,
        "success": true,
        "printerProfile": "_default"
      }
    ],
    "statistics": {
      "averagePrintTime": {
        "_default": 14.391704142000009
      },
      "lastPrintTime": {
        "_default": 14.391704142000009
      }
    }
  },
  "G28_first_nw-se.gcode": {
    "hash": "f6e2df20c91e0985f275a1cd2bf5200328799ef9",
    "analysis": {
      "_empty": true,
      "printingArea": {
        "minX": 0,
        "maxX": 0,
        "minY": 0,
        "maxY": 0,
        "minZ": 0,
        "maxZ": 0
      },
      "travelArea": {
        "minX": 0,
        "maxX": 0,
        "minY": 0,
        "maxY": 0,
        "minZ": 0,
        "maxZ": 0
      },
      "dimensions": {
        "width": 0,
        "height": 0,
        "depth": 0
      },
      "travelDimensions": {
        "width": 0,
        "height": 0,
        "depth": 0
      },
      "filament": {}
    },
    "DisplayLayerProgress": {
      "totalLayerCountWithoutOffset": "1"
    }
  }
}